,0
Reporting Month,August 2025
Corporation Name,Important Company Association Co
Registered Agent,Luna Lovegood
Registered Agent ID,HRM20-1021
Registered Department,Human Ressource Management
City ZIP County,"Important Village, 93915, Nonimportance County"
Job Title,Legal Counselor 
Brief statement of type of business of the corporation,Important Management and Legal Stuff
Have there been any business trips,No
If yes provide destination and duration,-
Are there additional documents for a reimbursement to consider,No
Date of Incorporation/QualiÔ¨Åcation,01.08.2015
Total working hours,150
Progress summary,Not much progress
File Number,526-315-18
